country,year,scenario,temp,prec
China,2021,SSP1-2.6,4.155377388,1497.045898
China,2022,SSP1-2.6,4.285841942,1489.727112
China,2023,SSP1-2.6,4.37913847,1492.25708
China,2024,SSP1-2.6,4.450081348,1500.720459
China,2025,SSP1-2.6,4.45071125,1495.604736
China,2026,SSP1-2.6,4.359565735,1490.262207
China,2027,SSP1-2.6,4.462006569,1504.977783
China,2028,SSP1-2.6,4.549586773,1499.233337
China,2029,SSP1-2.6,4.573603153,1509.274353
China,2030,SSP1-2.6,4.593446255,1516.6922
China,2031,SSP1-2.6,4.56485033,1505.783813
China,2032,SSP1-2.6,4.70252943,1495.070374
China,2033,SSP1-2.6,4.681298256,1499.822998
China,2034,SSP1-2.6,4.746016979,1507.494751
China,2035,SSP1-2.6,4.800179958,1492.154053
China,2036,SSP1-2.6,4.791512489,1505.640808
China,2037,SSP1-2.6,4.767841816,1513.041016
China,2038,SSP1-2.6,4.875684261,1509.698242
China,2039,SSP1-2.6,4.883929729,1512.680603
China,2040,SSP1-2.6,4.829466343,1524.240234
China,2041,SSP1-2.6,4.861799717,1523.50769
China,2042,SSP1-2.6,4.987493038,1515.643066
China,2043,SSP1-2.6,5.014134884,1511.029236
China,2044,SSP1-2.6,4.980206966,1512.752075
China,2045,SSP1-2.6,4.962729931,1511.116272
China,2046,SSP1-2.6,5.16609621,1510.091614
China,2047,SSP1-2.6,5.020961285,1530.050659
China,2048,SSP1-2.6,5.130074978,1530.424988
China,2049,SSP1-2.6,5.216749668,1529.985291
China,2050,SSP1-2.6,5.039893627,1526.346558
China,2051,SSP1-2.6,4.97460413,1541.460632
China,2052,SSP1-2.6,4.984204769,1523.25946
China,2053,SSP1-2.6,5.113303661,1517.051453
China,2054,SSP1-2.6,5.15522337,1522.155762
China,2055,SSP1-2.6,5.17566061,1536.278137
China,2056,SSP1-2.6,5.169950008,1534.039856
China,2057,SSP1-2.6,5.251549244,1531.133362
China,2058,SSP1-2.6,5.221191883,1524.239258
China,2059,SSP1-2.6,5.343045712,1542.056641
China,2060,SSP1-2.6,5.269752026,1538.977844
China,2061,SSP1-2.6,5.183651447,1543.353699
China,2062,SSP1-2.6,5.214656353,1533.628113
China,2063,SSP1-2.6,5.401227474,1538.920715
China,2064,SSP1-2.6,5.178719997,1551.033447
China,2065,SSP1-2.6,5.187909603,1537.170593
China,2066,SSP1-2.6,5.310734272,1532.637512
China,2067,SSP1-2.6,5.205915928,1540.827332
China,2068,SSP1-2.6,5.210392475,1524.181396
China,2069,SSP1-2.6,5.361376286,1534.791626
China,2070,SSP1-2.6,5.286309719,1533.899536
China,2071,SSP1-2.6,5.192111492,1539.704468
China,2072,SSP1-2.6,5.175612926,1544.601929
China,2073,SSP1-2.6,5.290583134,1539.405212
China,2074,SSP1-2.6,5.138911724,1540.953369
China,2075,SSP1-2.6,5.305469036,1535.015503
China,2076,SSP1-2.6,5.184232235,1544.13208
China,2077,SSP1-2.6,5.200209141,1556.57782
China,2078,SSP1-2.6,5.288699627,1534.217102
China,2079,SSP1-2.6,5.399000645,1526.793884
China,2080,SSP1-2.6,5.151198864,1535.581543
China,2081,SSP1-2.6,5.322565556,1538.035522
China,2082,SSP1-2.6,5.299063206,1543.557739
China,2083,SSP1-2.6,5.268406391,1547.615051
China,2084,SSP1-2.6,5.080785275,1541.247437
China,2085,SSP1-2.6,5.281148434,1531.689758
China,2086,SSP1-2.6,5.3136096,1554.402527
China,2087,SSP1-2.6,5.174590588,1536.321899
China,2088,SSP1-2.6,5.159183979,1539.472656
China,2089,SSP1-2.6,5.242140293,1546.050537
China,2090,SSP1-2.6,5.205701351,1535.078979
China,2091,SSP1-2.6,5.231724262,1547.911133
China,2092,SSP1-2.6,5.098267078,1549.445374
China,2093,SSP1-2.6,5.207504749,1546.457581
China,2094,SSP1-2.6,5.327405453,1544.684753
China,2095,SSP1-2.6,5.178339481,1547.325745
China,2096,SSP1-2.6,5.129467487,1536.509338
China,2097,SSP1-2.6,5.210984707,1552.347656
China,2098,SSP1-2.6,5.16044569,1552.811279
China,2099,SSP1-2.6,5.259890079,1536.618896
China,2100,SSP1-2.6,5.123614788,1530.2005
China,2021,SSP5-8.5,4.155377388,1497.045898
China,2022,SSP5-8.5,4.176658154,1494.648926
China,2023,SSP5-8.5,4.256319046,1500.365417
China,2024,SSP5-8.5,4.252221107,1498.577209
China,2025,SSP5-8.5,4.413209438,1503.925659
China,2026,SSP5-8.5,4.330038071,1506.694641
China,2027,SSP5-8.5,4.439337254,1514.319336
China,2028,SSP5-8.5,4.47551012,1514.266907
China,2029,SSP5-8.5,4.525204182,1503.669434
China,2030,SSP5-8.5,4.613831997,1504.100403
China,2031,SSP5-8.5,4.679839134,1501.10553
China,2032,SSP5-8.5,4.579836369,1504.673157
China,2033,SSP5-8.5,4.785737038,1506.556702
China,2034,SSP5-8.5,4.812029839,1514.267151
China,2035,SSP5-8.5,4.807999611,1500.621521
China,2036,SSP5-8.5,4.829585075,1516.634766
China,2037,SSP5-8.5,5.032006264,1508.142578
China,2038,SSP5-8.5,5.085205078,1515.134827
China,2039,SSP5-8.5,5.005804062,1523.010864
China,2040,SSP5-8.5,5.075048447,1533.24176
China,2041,SSP5-8.5,5.15213871,1525.718872
China,2042,SSP5-8.5,5.205670357,1528.616394
China,2043,SSP5-8.5,5.371415138,1522.7323
China,2044,SSP5-8.5,5.448784828,1519.038147
China,2045,SSP5-8.5,5.430727959,1530.976807
China,2046,SSP5-8.5,5.447899818,1533.620667
China,2047,SSP5-8.5,5.504505157,1537.920898
China,2048,SSP5-8.5,5.647984505,1532.97052
China,2049,SSP5-8.5,5.744355202,1545.583618
China,2050,SSP5-8.5,5.812387466,1540.429993
China,2051,SSP5-8.5,5.88476944,1532.492798
China,2052,SSP5-8.5,5.825582504,1547.154053
China,2053,SSP5-8.5,5.896369934,1550.152588
China,2054,SSP5-8.5,6.049611092,1532.997437
China,2055,SSP5-8.5,6.061735153,1546.660034
China,2056,SSP5-8.5,6.022173882,1539.829407
China,2057,SSP5-8.5,6.175121307,1541.980164
China,2058,SSP5-8.5,6.347437859,1552.518311
China,2059,SSP5-8.5,6.460162163,1560.145874
China,2060,SSP5-8.5,6.42962265,1543.200928
China,2061,SSP5-8.5,6.460958481,1539.934509
China,2062,SSP5-8.5,6.601970673,1553.77179
China,2063,SSP5-8.5,6.750356674,1544.533875
China,2064,SSP5-8.5,6.793553352,1565.69751
China,2065,SSP5-8.5,6.742815018,1552.933411
China,2066,SSP5-8.5,6.89385128,1559.343323
China,2067,SSP5-8.5,6.923236847,1555.407654
China,2068,SSP5-8.5,7.020149231,1557.170776
China,2069,SSP5-8.5,7.282658577,1548.413452
China,2070,SSP5-8.5,7.297639847,1560.275818
China,2071,SSP5-8.5,7.310756683,1568.509155
China,2072,SSP5-8.5,7.40752697,1571.864563
China,2073,SSP5-8.5,7.452569008,1579.561401
China,2074,SSP5-8.5,7.629915237,1585.787109
China,2075,SSP5-8.5,7.655714035,1559.982361
China,2076,SSP5-8.5,7.541816711,1581.550232
China,2077,SSP5-8.5,7.696219444,1582.724976
China,2078,SSP5-8.5,7.692549706,1571.586243
China,2079,SSP5-8.5,7.870547295,1576.391418
China,2080,SSP5-8.5,7.97153759,1576.714844
China,2081,SSP5-8.5,8.107031822,1580.188721
China,2082,SSP5-8.5,8.174679756,1585.651245
China,2083,SSP5-8.5,8.272566795,1595.617737
China,2084,SSP5-8.5,8.324859619,1593.268372
China,2085,SSP5-8.5,8.327395439,1583.489197
China,2086,SSP5-8.5,8.462906837,1595.3349
China,2087,SSP5-8.5,8.594175339,1589.845642
China,2088,SSP5-8.5,8.51197052,1607.756714
China,2089,SSP5-8.5,8.557657242,1591.69165
China,2090,SSP5-8.5,8.925040245,1607.074463
China,2091,SSP5-8.5,8.938829422,1612.993408
China,2092,SSP5-8.5,9.045632362,1594.81366
China,2093,SSP5-8.5,9.059873581,1609.443542
China,2094,SSP5-8.5,9.153673172,1621.79248
China,2095,SSP5-8.5,9.35294342,1597.792358
China,2096,SSP5-8.5,9.30629158,1615.320862
China,2097,SSP5-8.5,9.51219368,1603.771423
China,2098,SSP5-8.5,9.549577713,1610.08905
China,2099,SSP5-8.5,9.394104004,1606.233521
China,2100,SSP5-8.5,9.517104149,1623.390991
Greece,2021,SSP1-2.6,5.980150223,1818.77771
Greece,2022,SSP1-2.6,5.925217628,1779.43396
Greece,2023,SSP1-2.6,5.995294571,1799.723572
Greece,2024,SSP1-2.6,6.063313484,1819.139282
Greece,2025,SSP1-2.6,6.278611183,1776.402893
Greece,2026,SSP1-2.6,6.185767174,1846.096924
Greece,2027,SSP1-2.6,5.952906609,1820.567322
Greece,2028,SSP1-2.6,6.143387794,1886.806519
Greece,2029,SSP1-2.6,6.159115791,1797.769104
Greece,2030,SSP1-2.6,6.287371635,1801.816467
Greece,2031,SSP1-2.6,6.003912926,1839.625366
Greece,2032,SSP1-2.6,5.962965965,1856.226685
Greece,2033,SSP1-2.6,6.137307167,1835.620911
Greece,2034,SSP1-2.6,6.213494301,1782.715881
Greece,2035,SSP1-2.6,6.345253944,1826.6073
Greece,2036,SSP1-2.6,6.266917229,1815.767273
Greece,2037,SSP1-2.6,6.095490456,1849.243652
Greece,2038,SSP1-2.6,6.219954491,1811.904968
Greece,2039,SSP1-2.6,6.094418526,1795.913879
Greece,2040,SSP1-2.6,6.315285683,1815.71991
Greece,2041,SSP1-2.6,6.383286476,1804.423157
Greece,2042,SSP1-2.6,6.33863163,1825.255859
Greece,2043,SSP1-2.6,6.480851173,1767.386902
Greece,2044,SSP1-2.6,6.395329475,1772.616943
Greece,2045,SSP1-2.6,6.304333687,1860.035156
Greece,2046,SSP1-2.6,6.551205635,1791.413574
Greece,2047,SSP1-2.6,6.56981945,1806.236511
Greece,2048,SSP1-2.6,6.537169456,1827.049683
Greece,2049,SSP1-2.6,6.656563759,1778.311279
Greece,2050,SSP1-2.6,6.402056694,1795.334045
Greece,2051,SSP1-2.6,6.630946159,1789.015442
Greece,2052,SSP1-2.6,6.774912834,1813.568359
Greece,2053,SSP1-2.6,6.699566841,1820.794861
Greece,2054,SSP1-2.6,6.842547417,1816.288696
Greece,2055,SSP1-2.6,6.502392769,1784.837646
Greece,2056,SSP1-2.6,6.586508751,1821.076416
Greece,2057,SSP1-2.6,6.696129799,1801.825012
Greece,2058,SSP1-2.6,6.77137661,1801.944214
Greece,2059,SSP1-2.6,6.52965641,1816.723572
Greece,2060,SSP1-2.6,6.610442162,1791.919312
Greece,2061,SSP1-2.6,6.836503029,1838.469666
Greece,2062,SSP1-2.6,6.971272469,1768.584595
Greece,2063,SSP1-2.6,6.801417351,1830.27356
Greece,2064,SSP1-2.6,6.534134865,1834.275757
Greece,2065,SSP1-2.6,6.489344597,1781.935791
Greece,2066,SSP1-2.6,6.662068367,1829.312622
Greece,2067,SSP1-2.6,6.670718193,1806.239563
Greece,2068,SSP1-2.6,6.818419456,1819.743774
Greece,2069,SSP1-2.6,6.758517265,1814.605713
Greece,2070,SSP1-2.6,6.577223778,1810.029846
Greece,2071,SSP1-2.6,6.43279171,1800.060425
Greece,2072,SSP1-2.6,6.513106346,1849.621094
Greece,2073,SSP1-2.6,6.456160545,1815.286926
Greece,2074,SSP1-2.6,6.528351784,1840.778076
Greece,2075,SSP1-2.6,6.953383446,1758.166016
Greece,2076,SSP1-2.6,6.524628639,1824.781494
Greece,2077,SSP1-2.6,6.793816566,1827.571045
Greece,2078,SSP1-2.6,6.577534676,1827.915344
Greece,2079,SSP1-2.6,6.645941734,1783.906128
Greece,2080,SSP1-2.6,6.603032112,1812.190369
Greece,2081,SSP1-2.6,6.437884331,1819.962097
Greece,2082,SSP1-2.6,6.508530617,1810.825256
Greece,2083,SSP1-2.6,6.419995308,1812.29303
Greece,2084,SSP1-2.6,6.656756401,1818.85553
Greece,2085,SSP1-2.6,6.624232292,1790.360535
Greece,2086,SSP1-2.6,6.711361885,1795.118469
Greece,2087,SSP1-2.6,6.608008385,1836.288635
Greece,2088,SSP1-2.6,6.588791847,1825.150452
Greece,2089,SSP1-2.6,6.485060692,1805.081543
Greece,2090,SSP1-2.6,6.714499474,1796.12915
Greece,2091,SSP1-2.6,6.555020332,1833.004028
Greece,2092,SSP1-2.6,6.328597069,1831.228516
Greece,2093,SSP1-2.6,6.73726368,1804.576477
Greece,2094,SSP1-2.6,6.606715202,1781.205383
Greece,2095,SSP1-2.6,6.620554924,1826.811279
Greece,2096,SSP1-2.6,6.337891579,1849.119812
Greece,2097,SSP1-2.6,6.457503319,1821.73938
Greece,2098,SSP1-2.6,6.900738716,1861.9823
Greece,2099,SSP1-2.6,6.649788857,1797.203247
Greece,2100,SSP1-2.6,6.663319588,1837.312256
Greece,2021,SSP5-8.5,5.980150223,1818.77771
Greece,2022,SSP5-8.5,6.04792881,1827.227173
Greece,2023,SSP5-8.5,6.062553406,1865.838257
Greece,2024,SSP5-8.5,6.186013222,1865.71814
Greece,2025,SSP5-8.5,6.198355675,1830.524658
Greece,2026,SSP5-8.5,6.286353111,1832.073792
Greece,2027,SSP5-8.5,6.064562798,1852.137817
Greece,2028,SSP5-8.5,6.392325401,1843.152893
Greece,2029,SSP5-8.5,6.475146294,1832.053772
Greece,2030,SSP5-8.5,6.44807148,1829.030029
Greece,2031,SSP5-8.5,6.327931404,1808.052734
Greece,2032,SSP5-8.5,6.502223015,1786.821472
Greece,2033,SSP5-8.5,6.419066429,1864.652039
Greece,2034,SSP5-8.5,6.783396721,1824.406433
Greece,2035,SSP5-8.5,6.730147362,1831.590088
Greece,2036,SSP5-8.5,6.56078434,1829.688599
Greece,2037,SSP5-8.5,6.755414009,1774.911377
Greece,2038,SSP5-8.5,6.934130669,1802.858948
Greece,2039,SSP5-8.5,6.843323708,1829.944153
Greece,2040,SSP5-8.5,6.615729332,1796.068604
Greece,2041,SSP5-8.5,6.941866875,1766.138123
Greece,2042,SSP5-8.5,6.845780373,1796.499451
Greece,2043,SSP5-8.5,7.08148098,1791.374695
Greece,2044,SSP5-8.5,6.871792793,1817.59021
Greece,2045,SSP5-8.5,7.017148018,1833.09491
Greece,2046,SSP5-8.5,7.404826164,1787.45874
Greece,2047,SSP5-8.5,7.225138664,1789.294922
Greece,2048,SSP5-8.5,7.20027256,1825.50238
Greece,2049,SSP5-8.5,7.341034889,1809.192078
Greece,2050,SSP5-8.5,7.51082325,1747.251282
Greece,2051,SSP5-8.5,7.470395088,1811.618896
Greece,2052,SSP5-8.5,7.538374901,1765.699707
Greece,2053,SSP5-8.5,7.34914875,1791.051147
Greece,2054,SSP5-8.5,7.912661552,1758.540283
Greece,2055,SSP5-8.5,7.687823296,1799.973877
Greece,2056,SSP5-8.5,7.773621559,1775.345581
Greece,2057,SSP5-8.5,7.888524055,1812.683289
Greece,2058,SSP5-8.5,7.88623333,1727.189819
Greece,2059,SSP5-8.5,8.188292503,1733.712341
Greece,2060,SSP5-8.5,7.83859539,1751.495789
Greece,2061,SSP5-8.5,8.002415657,1751.97406
Greece,2062,SSP5-8.5,8.026795387,1783.319885
Greece,2063,SSP5-8.5,8.064379692,1781.191895
Greece,2064,SSP5-8.5,8.263224602,1790.636047
Greece,2065,SSP5-8.5,8.414206505,1710.306946
Greece,2066,SSP5-8.5,8.430520058,1750.877808
Greece,2067,SSP5-8.5,8.584214211,1765.083862
Greece,2068,SSP5-8.5,8.605784416,1751.727234
Greece,2069,SSP5-8.5,8.671956062,1722.750244
Greece,2070,SSP5-8.5,8.741974831,1738.49176
Greece,2071,SSP5-8.5,8.793078423,1815.976196
Greece,2072,SSP5-8.5,8.983016014,1707.202148
Greece,2073,SSP5-8.5,8.818982124,1725.907776
Greece,2074,SSP5-8.5,8.961070061,1698.762756
Greece,2075,SSP5-8.5,9.019570351,1680.005676
Greece,2076,SSP5-8.5,9.261353493,1687.094727
Greece,2077,SSP5-8.5,9.120778084,1707.045288
Greece,2078,SSP5-8.5,9.224448204,1683.673279
Greece,2079,SSP5-8.5,9.268555641,1703.496521
Greece,2080,SSP5-8.5,9.284403801,1699.914612
Greece,2081,SSP5-8.5,9.306387901,1686.886902
Greece,2082,SSP5-8.5,9.822165489,1700.207703
Greece,2083,SSP5-8.5,9.812027931,1710.316345
Greece,2084,SSP5-8.5,9.701672554,1668.374695
Greece,2085,SSP5-8.5,9.756846428,1764.462524
Greece,2086,SSP5-8.5,9.801856041,1699.911011
Greece,2087,SSP5-8.5,10.16940975,1678.191711
Greece,2088,SSP5-8.5,10.18553448,1670.525452
Greece,2089,SSP5-8.5,9.962273598,1638.72937
Greece,2090,SSP5-8.5,10.28404903,1664.670654
Greece,2091,SSP5-8.5,10.23027134,1705.998047
Greece,2092,SSP5-8.5,10.43103695,1664.171021
Greece,2093,SSP5-8.5,10.44727039,1669.718323
Greece,2094,SSP5-8.5,10.52853107,1676.187927
Greece,2095,SSP5-8.5,10.606143,1641.338501
Greece,2096,SSP5-8.5,11.0192194,1678.534485
Greece,2097,SSP5-8.5,10.79457951,1661.846069
Greece,2098,SSP5-8.5,10.99054623,1614.512512
Greece,2099,SSP5-8.5,10.85354137,1656.260864
Greece,2100,SSP5-8.5,11.26360035,1651.021423
India,2021,SSP1-2.6,8.245211601,2815.405273
India,2022,SSP1-2.6,8.182232857,2877.599121
India,2023,SSP1-2.6,8.236176491,2812.310547
India,2024,SSP1-2.6,8.406779289,2823.244385
India,2025,SSP1-2.6,8.306225777,2876.988159
India,2026,SSP1-2.6,8.286625862,2842.256348
India,2027,SSP1-2.6,8.293526649,2852.375977
India,2028,SSP1-2.6,8.531275749,2792.172607
India,2029,SSP1-2.6,8.357895851,2930.703491
India,2030,SSP1-2.6,8.375264168,2877.112061
India,2031,SSP1-2.6,8.480465889,2838.715576
India,2032,SSP1-2.6,8.489211082,2861.355835
India,2033,SSP1-2.6,8.4566679,2811.964355
India,2034,SSP1-2.6,8.587992668,2859.783325
India,2035,SSP1-2.6,8.497313499,2903.602783
India,2036,SSP1-2.6,8.511900902,2877.493896
India,2037,SSP1-2.6,8.731450081,2835.482422
India,2038,SSP1-2.6,8.671286583,2873.969604
India,2039,SSP1-2.6,8.638112068,2879.165405
India,2040,SSP1-2.6,8.726090431,2908.746704
India,2041,SSP1-2.6,8.704003334,2884.375122
India,2042,SSP1-2.6,8.777813911,2840.924316
India,2043,SSP1-2.6,8.829890251,2868.801147
India,2044,SSP1-2.6,8.740626335,2940.797241
India,2045,SSP1-2.6,8.781819344,2875.031372
India,2046,SSP1-2.6,8.919953346,2876.590088
India,2047,SSP1-2.6,8.876030922,2914.043091
India,2048,SSP1-2.6,8.786425591,2899.734009
India,2049,SSP1-2.6,8.967394829,2851.98999
India,2050,SSP1-2.6,8.9724226,2881.140869
India,2051,SSP1-2.6,9.021393776,2848.687012
India,2052,SSP1-2.6,8.817790031,2930.959351
India,2053,SSP1-2.6,8.936894417,2900.644897
India,2054,SSP1-2.6,8.96671772,2878.237305
India,2055,SSP1-2.6,8.887936592,2904.182007
India,2056,SSP1-2.6,8.931426048,2894.487671
India,2057,SSP1-2.6,8.966567039,2873.565063
India,2058,SSP1-2.6,9.048422813,2887.752808
India,2059,SSP1-2.6,8.977913857,2884.400635
India,2060,SSP1-2.6,9.037774086,2920.339111
India,2061,SSP1-2.6,8.888724327,2914.209961
India,2062,SSP1-2.6,8.991663933,2847.94458
India,2063,SSP1-2.6,9.128336906,2861.235229
India,2064,SSP1-2.6,9.083664894,2894.795532
India,2065,SSP1-2.6,8.908057213,2894.107666
India,2066,SSP1-2.6,9.079583168,2827.631348
India,2067,SSP1-2.6,9.194888115,2889.164917
India,2068,SSP1-2.6,9.112778664,2926.673828
India,2069,SSP1-2.6,9.094172478,2881.072388
India,2070,SSP1-2.6,9.008149147,2916.286133
India,2071,SSP1-2.6,9.019452095,2870.783325
India,2072,SSP1-2.6,9.026450157,2875.984741
India,2073,SSP1-2.6,9.068627357,2876.360229
India,2074,SSP1-2.6,9.149786949,2887.404053
India,2075,SSP1-2.6,9.081770897,2894.005249
India,2076,SSP1-2.6,9.043400764,2893.885132
India,2077,SSP1-2.6,9.041991234,2870.687622
India,2078,SSP1-2.6,9.099898338,2911.845093
India,2079,SSP1-2.6,9.058421135,2993.747192
India,2080,SSP1-2.6,8.959443092,2924.040283
India,2081,SSP1-2.6,8.994246483,2857.440918
India,2082,SSP1-2.6,9.127026558,2885.169434
India,2083,SSP1-2.6,9.110211372,2882.919067
India,2084,SSP1-2.6,9.036919594,2865.421265
India,2085,SSP1-2.6,9.084897041,2881.827637
India,2086,SSP1-2.6,9.126059532,2895.928101
India,2087,SSP1-2.6,9.082543373,2837.562866
India,2088,SSP1-2.6,9.053112984,2883.355957
India,2089,SSP1-2.6,8.929177284,2876.401489
India,2090,SSP1-2.6,8.94375515,2912.154297
India,2091,SSP1-2.6,8.998923302,2871.817261
India,2092,SSP1-2.6,8.976439476,2891.38147
India,2093,SSP1-2.6,8.871890068,2881.906616
India,2094,SSP1-2.6,9.074433327,2917.323242
India,2095,SSP1-2.6,8.855444908,2952.083984
India,2096,SSP1-2.6,8.781392097,2917.757202
India,2097,SSP1-2.6,8.929341316,2880.650391
India,2098,SSP1-2.6,9.097231865,2845.429077
India,2099,SSP1-2.6,9.01380825,2868.879028
India,2100,SSP1-2.6,9.055026054,2918.604492
India,2021,SSP5-8.5,8.245211601,2815.405273
India,2022,SSP5-8.5,8.180132866,2837.320557
India,2023,SSP5-8.5,8.325779915,2791.380371
India,2024,SSP5-8.5,8.347914696,2807.309937
India,2025,SSP5-8.5,8.380871773,2840.305298
India,2026,SSP5-8.5,8.456267357,2808.964478
India,2027,SSP5-8.5,8.526644707,2784.89856
India,2028,SSP5-8.5,8.502795219,2810.507813
India,2029,SSP5-8.5,8.602974892,2828.860229
India,2030,SSP5-8.5,8.564177513,2825.187134
India,2031,SSP5-8.5,8.682684898,2819.428345
India,2032,SSP5-8.5,8.605584145,2831.626343
India,2033,SSP5-8.5,8.611199379,2824.003662
India,2034,SSP5-8.5,8.623967171,2798.312988
India,2035,SSP5-8.5,8.85744381,2827.920044
India,2036,SSP5-8.5,8.77083683,2851.595581
India,2037,SSP5-8.5,8.923291206,2837.675293
India,2038,SSP5-8.5,9.07363224,2752.455811
India,2039,SSP5-8.5,9.028767586,2809.585815
India,2040,SSP5-8.5,9.202979088,2827.219482
India,2041,SSP5-8.5,9.217570305,2837.136841
India,2042,SSP5-8.5,9.079937935,2846.282104
India,2043,SSP5-8.5,9.223469734,2871.570435
India,2044,SSP5-8.5,9.338749886,2869.071045
India,2045,SSP5-8.5,9.398226738,2842.857056
India,2046,SSP5-8.5,9.476082802,2868.269897
India,2047,SSP5-8.5,9.458859444,2856.817871
India,2048,SSP5-8.5,9.599879265,2816.137451
India,2049,SSP5-8.5,9.6474123,2902.594727
India,2050,SSP5-8.5,9.688672066,2897.225708
India,2051,SSP5-8.5,9.663369179,2877.81604
India,2052,SSP5-8.5,9.797142982,2848.938965
India,2053,SSP5-8.5,9.831490517,2841.808472
India,2054,SSP5-8.5,9.934454918,2871.915039
India,2055,SSP5-8.5,9.894753456,2947.411743
India,2056,SSP5-8.5,9.937796593,2844.765869
India,2057,SSP5-8.5,10.05225277,2912.767578
India,2058,SSP5-8.5,10.12130642,2876.547607
India,2059,SSP5-8.5,10.14198399,2896.391724
India,2060,SSP5-8.5,10.19012165,2915.670532
India,2061,SSP5-8.5,10.31359577,2904.80127
India,2062,SSP5-8.5,10.33027554,2906.83667
India,2063,SSP5-8.5,10.48885059,2882.091309
India,2064,SSP5-8.5,10.48638821,2910.737183
India,2065,SSP5-8.5,10.2822485,2957.628174
India,2066,SSP5-8.5,10.54111195,2921.44873
India,2067,SSP5-8.5,10.59554768,2985.430664
India,2068,SSP5-8.5,10.57808018,3011.474121
India,2069,SSP5-8.5,10.70884609,2927.426392
India,2070,SSP5-8.5,10.92953396,2929.379639
India,2071,SSP5-8.5,10.94775677,2953.291626
India,2072,SSP5-8.5,10.84287739,2943.093018
India,2073,SSP5-8.5,11.07773304,2928.731934
India,2074,SSP5-8.5,11.12829876,2947.282471
India,2075,SSP5-8.5,11.15873241,2940.380615
India,2076,SSP5-8.5,11.3189249,2975.357178
India,2077,SSP5-8.5,11.20998478,2976.754883
India,2078,SSP5-8.5,11.15796375,3020.477295
India,2079,SSP5-8.5,11.4098959,2992.179932
India,2080,SSP5-8.5,11.46366787,2979.533936
India,2081,SSP5-8.5,11.45673656,2994.485229
India,2082,SSP5-8.5,11.57916355,3019.823608
India,2083,SSP5-8.5,11.81611538,3045.856201
India,2084,SSP5-8.5,11.76246357,3025.554688
India,2085,SSP5-8.5,11.78576756,3043.849365
India,2086,SSP5-8.5,12.02859402,3068.405884
India,2087,SSP5-8.5,11.95490932,2993.357422
India,2088,SSP5-8.5,12.086133,3033.173584
India,2089,SSP5-8.5,11.94532108,3093.607056
India,2090,SSP5-8.5,12.22859859,3064.709595
India,2091,SSP5-8.5,12.2866087,3054.472778
India,2092,SSP5-8.5,12.29161549,3099.968262
India,2093,SSP5-8.5,12.40952778,3072.282104
India,2094,SSP5-8.5,12.5190382,3062.528442
India,2095,SSP5-8.5,12.4132719,3090.763306
India,2096,SSP5-8.5,12.69938183,3022.290283
India,2097,SSP5-8.5,12.77444172,3121.516602
India,2098,SSP5-8.5,12.72638798,3163.761108
India,2099,SSP5-8.5,12.67774105,3076.605469
India,2100,SSP5-8.5,12.78172398,3074.536133
Kuwait,2021,SSP1-2.6,8.869852066,213.3271332
Kuwait,2022,SSP1-2.6,9.034065247,224.3994522
Kuwait,2023,SSP1-2.6,9.073467255,244.3720932
Kuwait,2024,SSP1-2.6,9.253314972,244.2296448
Kuwait,2025,SSP1-2.6,9.246448517,232.350296
Kuwait,2026,SSP1-2.6,9.216056824,221.7138214
Kuwait,2027,SSP1-2.6,9.203777313,266.4558716
Kuwait,2028,SSP1-2.6,9.506439209,253.5462494
Kuwait,2029,SSP1-2.6,9.419071198,221.9908829
Kuwait,2030,SSP1-2.6,9.217895508,249.3318024
Kuwait,2031,SSP1-2.6,9.410930634,239.9497604
Kuwait,2032,SSP1-2.6,9.223194122,248.7215271
Kuwait,2033,SSP1-2.6,9.528348923,247.0619431
Kuwait,2034,SSP1-2.6,9.349178314,259.0066528
Kuwait,2035,SSP1-2.6,9.698169708,233.3092194
Kuwait,2036,SSP1-2.6,9.435367584,250.9671326
Kuwait,2037,SSP1-2.6,9.620149612,245.8000259
Kuwait,2038,SSP1-2.6,9.5560112,261.1467285
Kuwait,2039,SSP1-2.6,9.457435608,249.0556335
Kuwait,2040,SSP1-2.6,9.780599594,237.0834427
Kuwait,2041,SSP1-2.6,9.571416855,252.0951691
Kuwait,2042,SSP1-2.6,9.554979324,247.2284546
Kuwait,2043,SSP1-2.6,9.721422195,255.2263031
Kuwait,2044,SSP1-2.6,9.606542587,247.1760635
Kuwait,2045,SSP1-2.6,9.991958618,249.962265
Kuwait,2046,SSP1-2.6,10.06273842,250.7216644
Kuwait,2047,SSP1-2.6,9.939401627,240.9437027
Kuwait,2048,SSP1-2.6,9.778547287,248.21698
Kuwait,2049,SSP1-2.6,9.891109467,259.5806885
Kuwait,2050,SSP1-2.6,9.697818756,245.224556
Kuwait,2051,SSP1-2.6,9.706264496,242.2440338
Kuwait,2052,SSP1-2.6,10.02505684,238.2970352
Kuwait,2053,SSP1-2.6,9.685255051,236.8587494
Kuwait,2054,SSP1-2.6,9.871526718,252.6323547
Kuwait,2055,SSP1-2.6,10.03628349,250.6281128
Kuwait,2056,SSP1-2.6,10.01594925,238.9755096
Kuwait,2057,SSP1-2.6,9.915046692,220.8110809
Kuwait,2058,SSP1-2.6,9.824781418,251.3027496
Kuwait,2059,SSP1-2.6,9.89138031,224.8625031
Kuwait,2060,SSP1-2.6,9.867023468,244.3737488
Kuwait,2061,SSP1-2.6,9.85606575,212.1369324
Kuwait,2062,SSP1-2.6,9.945886612,244.0247192
Kuwait,2063,SSP1-2.6,10.08940887,248.3582916
Kuwait,2064,SSP1-2.6,9.828552246,242.7902374
Kuwait,2065,SSP1-2.6,9.838094711,264.6035309
Kuwait,2066,SSP1-2.6,9.912309647,240.9094238
Kuwait,2067,SSP1-2.6,9.904230118,251.3743896
Kuwait,2068,SSP1-2.6,10.25833702,237.3472824
Kuwait,2069,SSP1-2.6,9.899238586,255.1311035
Kuwait,2070,SSP1-2.6,10.03783226,231.82798
Kuwait,2071,SSP1-2.6,9.808956146,237.5666351
Kuwait,2072,SSP1-2.6,9.848939896,248.5059052
Kuwait,2073,SSP1-2.6,9.951311111,247.5624084
Kuwait,2074,SSP1-2.6,9.984645844,258.1320343
Kuwait,2075,SSP1-2.6,9.971818924,230.8308868
Kuwait,2076,SSP1-2.6,9.903942108,228.2882309
Kuwait,2077,SSP1-2.6,9.90209198,249.6803894
Kuwait,2078,SSP1-2.6,9.887218475,241.6926422
Kuwait,2079,SSP1-2.6,10.00626183,263.3497314
Kuwait,2080,SSP1-2.6,9.865598679,237.3697128
Kuwait,2081,SSP1-2.6,9.843700409,246.776886
Kuwait,2082,SSP1-2.6,9.898950577,255.1979065
Kuwait,2083,SSP1-2.6,9.87065506,244.3716888
Kuwait,2084,SSP1-2.6,9.891736984,220.6244659
Kuwait,2085,SSP1-2.6,9.833049774,254.3450928
Kuwait,2086,SSP1-2.6,9.938531876,247.9828033
Kuwait,2087,SSP1-2.6,9.875976563,223.745491
Kuwait,2088,SSP1-2.6,9.768983841,239.21035
Kuwait,2089,SSP1-2.6,9.824151993,247.7779999
Kuwait,2090,SSP1-2.6,9.692831039,233.6213531
Kuwait,2091,SSP1-2.6,9.794374466,250.3617096
Kuwait,2092,SSP1-2.6,9.725486755,255.2521973
Kuwait,2093,SSP1-2.6,10.01733971,228.09021
Kuwait,2094,SSP1-2.6,9.873392105,243.9052277
Kuwait,2095,SSP1-2.6,9.693027496,253.255661
Kuwait,2096,SSP1-2.6,9.776742935,221.6296005
Kuwait,2097,SSP1-2.6,9.925891876,232.1559296
Kuwait,2098,SSP1-2.6,9.713127136,244.595459
Kuwait,2099,SSP1-2.6,9.855836868,252.8292847
Kuwait,2100,SSP1-2.6,9.841245651,256.3806305
Kuwait,2021,SSP5-8.5,8.869852066,213.3271332
Kuwait,2022,SSP5-8.5,8.972055435,179.8749847
Kuwait,2023,SSP5-8.5,8.983898163,188.4276047
Kuwait,2024,SSP5-8.5,8.85675621,200.2096405
Kuwait,2025,SSP5-8.5,8.92972374,197.4216309
Kuwait,2026,SSP5-8.5,9.227178574,195.3711243
Kuwait,2027,SSP5-8.5,9.297510147,205.3825226
Kuwait,2028,SSP5-8.5,9.121553421,208.6653748
Kuwait,2029,SSP5-8.5,9.450517654,201.0028152
Kuwait,2030,SSP5-8.5,9.373239517,193.4884109
Kuwait,2031,SSP5-8.5,9.48941803,185.806221
Kuwait,2032,SSP5-8.5,9.492465973,207.0621796
Kuwait,2033,SSP5-8.5,9.689714432,203.9140472
Kuwait,2034,SSP5-8.5,9.559766769,203.1165161
Kuwait,2035,SSP5-8.5,9.623895645,190.8300247
Kuwait,2036,SSP5-8.5,9.580583572,205.1501465
Kuwait,2037,SSP5-8.5,9.591485977,200.8751373
Kuwait,2038,SSP5-8.5,9.924821854,202.1463394
Kuwait,2039,SSP5-8.5,9.796712875,231.2901459
Kuwait,2040,SSP5-8.5,9.872415543,212.8789063
Kuwait,2041,SSP5-8.5,9.70574379,204.906723
Kuwait,2042,SSP5-8.5,9.93372345,194.9771194
Kuwait,2043,SSP5-8.5,10.17491531,184.9318771
Kuwait,2044,SSP5-8.5,10.18125343,221.6327972
Kuwait,2045,SSP5-8.5,10.29395866,224.639328
Kuwait,2046,SSP5-8.5,10.48907661,197.8374329
Kuwait,2047,SSP5-8.5,10.49701118,201.9946976
Kuwait,2048,SSP5-8.5,10.2103138,211.7767181
Kuwait,2049,SSP5-8.5,10.7790184,212.9493713
Kuwait,2050,SSP5-8.5,10.85379028,181.2259827
Kuwait,2051,SSP5-8.5,10.76514816,223.1859589
Kuwait,2052,SSP5-8.5,10.69298363,184.9081192
Kuwait,2053,SSP5-8.5,10.65838432,190.4300156
Kuwait,2054,SSP5-8.5,10.88933182,195.1460037
Kuwait,2055,SSP5-8.5,11.0207634,172.8437195
Kuwait,2056,SSP5-8.5,10.98259163,193.6971664
Kuwait,2057,SSP5-8.5,11.1202507,222.3340302
Kuwait,2058,SSP5-8.5,11.15365791,212.188446
Kuwait,2059,SSP5-8.5,11.34746933,205.5806732
Kuwait,2060,SSP5-8.5,11.27967072,200.3946838
Kuwait,2061,SSP5-8.5,11.20396805,209.0986481
Kuwait,2062,SSP5-8.5,11.37812042,198.4985199
Kuwait,2063,SSP5-8.5,11.65116119,216.5955505
Kuwait,2064,SSP5-8.5,11.88241196,198.5626678
Kuwait,2065,SSP5-8.5,11.54400635,195.6650543
Kuwait,2066,SSP5-8.5,11.79797173,237.7073364
Kuwait,2067,SSP5-8.5,11.86550713,198.8339081
Kuwait,2068,SSP5-8.5,11.68969154,204.8923645
Kuwait,2069,SSP5-8.5,12.01316071,217.1889038
Kuwait,2070,SSP5-8.5,12.24398613,205.3489838
Kuwait,2071,SSP5-8.5,12.29938889,201.1383896
Kuwait,2072,SSP5-8.5,12.35159683,176.7223969
Kuwait,2073,SSP5-8.5,12.12775803,191.7227554
Kuwait,2074,SSP5-8.5,12.50557518,213.5319366
Kuwait,2075,SSP5-8.5,12.57010651,209.7785187
Kuwait,2076,SSP5-8.5,12.54573631,191.8280029
Kuwait,2077,SSP5-8.5,12.49667931,176.7256699
Kuwait,2078,SSP5-8.5,12.63775063,206.0560455
Kuwait,2079,SSP5-8.5,12.92501068,192.3611984
Kuwait,2080,SSP5-8.5,12.70841217,228.2299042
Kuwait,2081,SSP5-8.5,12.8136158,188.2348709
Kuwait,2082,SSP5-8.5,13.11927414,240.2715759
Kuwait,2083,SSP5-8.5,13.02366829,179.0206833
Kuwait,2084,SSP5-8.5,13.17059517,241.0420074
Kuwait,2085,SSP5-8.5,13.42220116,216.4524384
Kuwait,2086,SSP5-8.5,13.54449272,184.0828247
Kuwait,2087,SSP5-8.5,13.67375946,215.5357971
Kuwait,2088,SSP5-8.5,13.6472683,218.9766083
Kuwait,2089,SSP5-8.5,13.60211372,193.8031311
Kuwait,2090,SSP5-8.5,13.49643135,224.9128265
Kuwait,2091,SSP5-8.5,13.94808197,219.0390167
Kuwait,2092,SSP5-8.5,14.24461555,192.9267502
Kuwait,2093,SSP5-8.5,14.15660286,205.4922485
Kuwait,2094,SSP5-8.5,14.11350441,213.3884888
Kuwait,2095,SSP5-8.5,14.25846672,216.3396912
Kuwait,2096,SSP5-8.5,14.37418556,178.1809387
Kuwait,2097,SSP5-8.5,14.78951454,197.7188644
Kuwait,2098,SSP5-8.5,14.53520393,193.5335388
Kuwait,2099,SSP5-8.5,14.2994709,229.4826355
Kuwait,2100,SSP5-8.5,14.64372826,204.6567078
Nigeria,2021,SSP1-2.6,8.941215515,2237.057373
Nigeria,2022,SSP1-2.6,8.914655685,2256.864746
Nigeria,2023,SSP1-2.6,9.062749863,2257.346069
Nigeria,2024,SSP1-2.6,9.294746399,2247.432861
Nigeria,2025,SSP1-2.6,9.20224762,2253.604248
Nigeria,2026,SSP1-2.6,9.210861206,2274.960571
Nigeria,2027,SSP1-2.6,9.139381409,2263.363892
Nigeria,2028,SSP1-2.6,9.344221115,2285.30542
Nigeria,2029,SSP1-2.6,9.279275894,2252.373779
Nigeria,2030,SSP1-2.6,9.302249908,2224.671753
Nigeria,2031,SSP1-2.6,9.484855652,2286.238403
Nigeria,2032,SSP1-2.6,9.419708252,2238.143677
Nigeria,2033,SSP1-2.6,9.390182495,2252.605469
Nigeria,2034,SSP1-2.6,9.379430771,2275.260864
Nigeria,2035,SSP1-2.6,9.4077034,2253.614502
Nigeria,2036,SSP1-2.6,9.424007416,2268.383789
Nigeria,2037,SSP1-2.6,9.528772354,2278.710083
Nigeria,2038,SSP1-2.6,9.579853058,2283.598633
Nigeria,2039,SSP1-2.6,9.536792755,2274.102661
Nigeria,2040,SSP1-2.6,9.442827225,2287.365845
Nigeria,2041,SSP1-2.6,9.433805466,2250.570435
Nigeria,2042,SSP1-2.6,9.557367325,2278.776733
Nigeria,2043,SSP1-2.6,9.508483887,2266.299805
Nigeria,2044,SSP1-2.6,9.487483978,2250.282593
Nigeria,2045,SSP1-2.6,9.538959503,2273.139526
Nigeria,2046,SSP1-2.6,9.721513748,2268.147583
Nigeria,2047,SSP1-2.6,9.636257172,2266.069946
Nigeria,2048,SSP1-2.6,9.527177811,2268.161987
Nigeria,2049,SSP1-2.6,9.648933411,2288.80957
Nigeria,2050,SSP1-2.6,9.732398987,2280.965454
Nigeria,2051,SSP1-2.6,9.702941895,2260.145386
Nigeria,2052,SSP1-2.6,9.602743149,2267.002441
Nigeria,2053,SSP1-2.6,9.707609177,2270.193726
Nigeria,2054,SSP1-2.6,9.673192978,2270.859497
Nigeria,2055,SSP1-2.6,9.638105392,2252.662476
Nigeria,2056,SSP1-2.6,9.575759888,2281.091187
Nigeria,2057,SSP1-2.6,9.539674759,2272.977295
Nigeria,2058,SSP1-2.6,9.649171829,2291.18457
Nigeria,2059,SSP1-2.6,9.514173508,2270.238281
Nigeria,2060,SSP1-2.6,9.603515625,2255.507568
Nigeria,2061,SSP1-2.6,9.664684296,2252.628174
Nigeria,2062,SSP1-2.6,9.640272141,2240.277344
Nigeria,2063,SSP1-2.6,9.863887787,2285.426758
Nigeria,2064,SSP1-2.6,9.865461349,2269.290771
Nigeria,2065,SSP1-2.6,9.554851532,2276.684814
Nigeria,2066,SSP1-2.6,9.904666901,2264.032349
Nigeria,2067,SSP1-2.6,9.837049484,2253.527344
Nigeria,2068,SSP1-2.6,9.804254532,2272.443726
Nigeria,2069,SSP1-2.6,9.842130661,2293.947998
Nigeria,2070,SSP1-2.6,9.774370193,2269.414673
Nigeria,2071,SSP1-2.6,9.638132095,2271.547363
Nigeria,2072,SSP1-2.6,9.64299202,2265.775146
Nigeria,2073,SSP1-2.6,9.710483551,2275.370605
Nigeria,2074,SSP1-2.6,9.688539505,2271.77356
Nigeria,2075,SSP1-2.6,9.706157684,2268.199829
Nigeria,2076,SSP1-2.6,9.605905533,2297.573608
Nigeria,2077,SSP1-2.6,9.767997742,2218.846802
Nigeria,2078,SSP1-2.6,9.824253082,2272.435913
Nigeria,2079,SSP1-2.6,9.846607208,2235.87085
Nigeria,2080,SSP1-2.6,9.688568115,2255.327515
Nigeria,2081,SSP1-2.6,9.750751495,2255.385254
Nigeria,2082,SSP1-2.6,9.840358734,2260.959595
Nigeria,2083,SSP1-2.6,9.651571274,2256.715088
Nigeria,2084,SSP1-2.6,9.670017242,2275.47583
Nigeria,2085,SSP1-2.6,9.769666672,2233.87793
Nigeria,2086,SSP1-2.6,9.795131683,2257.173706
Nigeria,2087,SSP1-2.6,9.657669067,2251.202515
Nigeria,2088,SSP1-2.6,9.581481934,2251.393555
Nigeria,2089,SSP1-2.6,9.584249496,2228.424805
Nigeria,2090,SSP1-2.6,9.676908493,2268.568848
Nigeria,2091,SSP1-2.6,9.814155579,2262.284058
Nigeria,2092,SSP1-2.6,9.611692429,2262.760376
Nigeria,2093,SSP1-2.6,9.56496048,2263.060303
Nigeria,2094,SSP1-2.6,9.581644058,2282.560791
Nigeria,2095,SSP1-2.6,9.68104744,2241.283569
Nigeria,2096,SSP1-2.6,9.260185242,2284.409058
Nigeria,2097,SSP1-2.6,9.559555054,2254.692871
Nigeria,2098,SSP1-2.6,9.713006973,2252.004272
Nigeria,2099,SSP1-2.6,9.75340271,2251.072388
Nigeria,2100,SSP1-2.6,9.744194031,2270.714966
Nigeria,2021,SSP5-8.5,8.941215515,2237.057373
Nigeria,2022,SSP5-8.5,8.926361084,2206.705444
Nigeria,2023,SSP5-8.5,8.912420273,2259.219971
Nigeria,2024,SSP5-8.5,9.043115616,2266.62561
Nigeria,2025,SSP5-8.5,9.019676208,2249.046143
Nigeria,2026,SSP5-8.5,9.151929855,2257.20459
Nigeria,2027,SSP5-8.5,9.199192047,2235.885498
Nigeria,2028,SSP5-8.5,9.213315964,2245.631714
Nigeria,2029,SSP5-8.5,9.232210159,2257.99585
Nigeria,2030,SSP5-8.5,9.192338943,2274.539063
Nigeria,2031,SSP5-8.5,9.440019608,2246.723145
Nigeria,2032,SSP5-8.5,9.249397278,2264.584595
Nigeria,2033,SSP5-8.5,9.282730103,2274.58252
Nigeria,2034,SSP5-8.5,9.197404861,2299.477783
Nigeria,2035,SSP5-8.5,9.463399887,2271.383057
Nigeria,2036,SSP5-8.5,9.566465378,2245.650391
Nigeria,2037,SSP5-8.5,9.397123337,2272.700562
Nigeria,2038,SSP5-8.5,9.509641647,2298.1521
Nigeria,2039,SSP5-8.5,9.65619278,2293.469116
Nigeria,2040,SSP5-8.5,9.689792633,2287.823242
Nigeria,2041,SSP5-8.5,9.61240387,2303.084839
Nigeria,2042,SSP5-8.5,9.747331619,2288.4552
Nigeria,2043,SSP5-8.5,9.819917679,2280.509033
Nigeria,2044,SSP5-8.5,9.904592514,2276.313843
Nigeria,2045,SSP5-8.5,10.09333801,2313.947144
Nigeria,2046,SSP5-8.5,10.02955437,2303.257324
Nigeria,2047,SSP5-8.5,9.994606018,2277.560913
Nigeria,2048,SSP5-8.5,10.07382584,2256.736572
Nigeria,2049,SSP5-8.5,10.27222061,2285.986938
Nigeria,2050,SSP5-8.5,10.1772747,2274.385254
Nigeria,2051,SSP5-8.5,10.24894714,2301.737183
Nigeria,2052,SSP5-8.5,10.29067421,2284.586914
Nigeria,2053,SSP5-8.5,10.26870918,2277.24707
Nigeria,2054,SSP5-8.5,10.27544403,2287.725952
Nigeria,2055,SSP5-8.5,10.26391792,2297.410645
Nigeria,2056,SSP5-8.5,10.4867878,2288.874634
Nigeria,2057,SSP5-8.5,10.52474022,2305.349365
Nigeria,2058,SSP5-8.5,10.63344955,2275.528198
Nigeria,2059,SSP5-8.5,10.71811867,2307.557129
Nigeria,2060,SSP5-8.5,10.89236259,2295.330444
Nigeria,2061,SSP5-8.5,10.77070427,2270.97583
Nigeria,2062,SSP5-8.5,10.88477707,2275.315918
Nigeria,2063,SSP5-8.5,10.94148636,2293.88501
Nigeria,2064,SSP5-8.5,11.03142166,2297.404785
Nigeria,2065,SSP5-8.5,10.86432266,2292.179321
Nigeria,2066,SSP5-8.5,11.00300026,2287.603882
Nigeria,2067,SSP5-8.5,11.33349419,2305.748169
Nigeria,2068,SSP5-8.5,11.08371353,2300.879028
Nigeria,2069,SSP5-8.5,11.10232353,2275.450928
Nigeria,2070,SSP5-8.5,11.35222816,2315.532837
Nigeria,2071,SSP5-8.5,11.55383873,2303.632568
Nigeria,2072,SSP5-8.5,11.36115837,2286.506836
Nigeria,2073,SSP5-8.5,11.43993759,2305.450439
Nigeria,2074,SSP5-8.5,11.45981216,2273.256226
Nigeria,2075,SSP5-8.5,11.55890465,2280.682373
Nigeria,2076,SSP5-8.5,11.69091034,2280.351563
Nigeria,2077,SSP5-8.5,11.71036148,2297.665894
Nigeria,2078,SSP5-8.5,11.69550514,2306.480103
Nigeria,2079,SSP5-8.5,11.92111206,2263.165405
Nigeria,2080,SSP5-8.5,12.01683426,2295.515747
Nigeria,2081,SSP5-8.5,11.96317482,2296.454102
Nigeria,2082,SSP5-8.5,12.17681694,2328.94043
Nigeria,2083,SSP5-8.5,12.1760788,2310.457397
Nigeria,2084,SSP5-8.5,12.21861458,2350.442139
Nigeria,2085,SSP5-8.5,12.33448601,2347.829224
Nigeria,2086,SSP5-8.5,12.43102646,2312.58252
Nigeria,2087,SSP5-8.5,12.36948395,2315.359131
Nigeria,2088,SSP5-8.5,12.62197304,2293.376709
Nigeria,2089,SSP5-8.5,12.5208683,2289.937378
Nigeria,2090,SSP5-8.5,12.63280678,2320.193481
Nigeria,2091,SSP5-8.5,12.86330986,2328.53064
Nigeria,2092,SSP5-8.5,12.80511284,2317.447998
Nigeria,2093,SSP5-8.5,12.77142906,2359.182739
Nigeria,2094,SSP5-8.5,13.02780914,2265.499268
Nigeria,2095,SSP5-8.5,13.05457878,2347.324341
Nigeria,2096,SSP5-8.5,12.96603012,2308.80481
Nigeria,2097,SSP5-8.5,13.23330498,2308.642578
Nigeria,2098,SSP5-8.5,13.1144619,2324.21936
Nigeria,2099,SSP5-8.5,13.13279533,2331.097778
Nigeria,2100,SSP5-8.5,13.17245674,2340.278931
United States,2021,SSP1-2.6,4.218698025,1730.153076
United States,2022,SSP1-2.6,4.167628765,1727.146667
United States,2023,SSP1-2.6,4.14264822,1743.672363
United States,2024,SSP1-2.6,4.322610378,1741.712646
United States,2025,SSP1-2.6,4.394700527,1729.04126
United States,2026,SSP1-2.6,4.298940182,1741.364136
United States,2027,SSP1-2.6,4.275004864,1739.267273
United States,2028,SSP1-2.6,4.469117641,1746.510681
United States,2029,SSP1-2.6,4.433538914,1729.845154
United States,2030,SSP1-2.6,4.553586483,1742.872742
United States,2031,SSP1-2.6,4.485828876,1755.70752
United States,2032,SSP1-2.6,4.44314146,1750.955261
United States,2033,SSP1-2.6,4.599216938,1745.569214
United States,2034,SSP1-2.6,4.566437244,1769.591125
United States,2035,SSP1-2.6,4.613423824,1754.783997
United States,2036,SSP1-2.6,4.862729549,1751.396118
United States,2037,SSP1-2.6,4.889410496,1757.840454
United States,2038,SSP1-2.6,4.848616123,1751.869812
United States,2039,SSP1-2.6,4.838707447,1749.038818
United States,2040,SSP1-2.6,4.821244717,1751.208557
United States,2041,SSP1-2.6,4.821593761,1762.631592
United States,2042,SSP1-2.6,4.921488285,1766.782959
United States,2043,SSP1-2.6,4.874120235,1767.143799
United States,2044,SSP1-2.6,4.854855061,1754.003052
United States,2045,SSP1-2.6,4.897839069,1753.052246
United States,2046,SSP1-2.6,5.103283405,1753.575745
United States,2047,SSP1-2.6,5.003045559,1762.704102
United States,2048,SSP1-2.6,5.068308353,1769.774597
United States,2049,SSP1-2.6,5.017892361,1762.040955
United States,2050,SSP1-2.6,4.913030148,1757.39679
United States,2051,SSP1-2.6,5.078250408,1764.731201
United States,2052,SSP1-2.6,5.067748547,1753.003418
United States,2053,SSP1-2.6,5.062469959,1749.09491
United States,2054,SSP1-2.6,4.966835499,1755.394958
United States,2055,SSP1-2.6,5.158732891,1754.162781
United States,2056,SSP1-2.6,5.054020405,1753.517822
United States,2057,SSP1-2.6,5.188297749,1763.735046
United States,2058,SSP1-2.6,4.97968626,1763.613892
United States,2059,SSP1-2.6,5.131183147,1758.971741
United States,2060,SSP1-2.6,5.119500637,1751.745789
United States,2061,SSP1-2.6,5.097533703,1764.562988
United States,2062,SSP1-2.6,5.150557995,1774.375244
United States,2063,SSP1-2.6,5.144289494,1748.573181
United States,2064,SSP1-2.6,5.270885944,1744.049683
United States,2065,SSP1-2.6,5.166785717,1755.600464
United States,2066,SSP1-2.6,5.108511448,1768.174744
United States,2067,SSP1-2.6,5.278038502,1770.233643
United States,2068,SSP1-2.6,5.196566105,1764.037354
United States,2069,SSP1-2.6,5.259458065,1759.403625
United States,2070,SSP1-2.6,5.272655964,1760.146362
United States,2071,SSP1-2.6,5.044015408,1756.600586
United States,2072,SSP1-2.6,5.136883259,1757.825195
United States,2073,SSP1-2.6,5.315866947,1766.307739
United States,2074,SSP1-2.6,5.302361965,1769.604309
United States,2075,SSP1-2.6,4.968161106,1765.136475
United States,2076,SSP1-2.6,5.055239201,1773.824097
United States,2077,SSP1-2.6,5.163267612,1755.387695
United States,2078,SSP1-2.6,5.188583851,1754.271057
United States,2079,SSP1-2.6,5.174126148,1763.723694
United States,2080,SSP1-2.6,5.139892101,1766.275513
United States,2081,SSP1-2.6,5.214449406,1781.096436
United States,2082,SSP1-2.6,5.097454548,1769.161072
United States,2083,SSP1-2.6,5.112062931,1760.56073
United States,2084,SSP1-2.6,5.04932642,1780.360657
United States,2085,SSP1-2.6,5.024113178,1772.402649
United States,2086,SSP1-2.6,5.122080326,1780.477966
United States,2087,SSP1-2.6,4.987197399,1767.255249
United States,2088,SSP1-2.6,5.164219379,1756.933655
United States,2089,SSP1-2.6,5.004099369,1772.609985
United States,2090,SSP1-2.6,4.939454556,1764.641907
United States,2091,SSP1-2.6,4.998314381,1777.38678
United States,2092,SSP1-2.6,5.371612072,1765.191223
United States,2093,SSP1-2.6,5.009859562,1764.72052
United States,2094,SSP1-2.6,4.992031574,1770.721802
United States,2095,SSP1-2.6,5.00723505,1755.494202
United States,2096,SSP1-2.6,5.078282833,1772.039246
United States,2097,SSP1-2.6,5.046412945,1764.789124
United States,2098,SSP1-2.6,4.866979122,1772.426453
United States,2099,SSP1-2.6,5.09492445,1775.244568
United States,2100,SSP1-2.6,5.057461262,1771.099243
United States,2021,SSP5-8.5,4.218698025,1730.153076
United States,2022,SSP5-8.5,4.384779453,1729.697266
United States,2023,SSP5-8.5,4.276003361,1729.952026
United States,2024,SSP5-8.5,4.612446308,1731.896973
United States,2025,SSP5-8.5,4.555941105,1733.95636
United States,2026,SSP5-8.5,4.610737324,1732.972046
United States,2027,SSP5-8.5,4.622505665,1731.780273
United States,2028,SSP5-8.5,4.740420818,1732.196167
United States,2029,SSP5-8.5,4.65141058,1737.943848
United States,2030,SSP5-8.5,4.812225819,1732.477356
United States,2031,SSP5-8.5,4.985867023,1736.187866
United States,2032,SSP5-8.5,4.920416355,1743.669922
United States,2033,SSP5-8.5,4.992583752,1726.688782
United States,2034,SSP5-8.5,5.027861118,1738.07666
United States,2035,SSP5-8.5,5.130853176,1735.810974
United States,2036,SSP5-8.5,5.282033443,1745.828369
United States,2037,SSP5-8.5,5.261536121,1739.701721
United States,2038,SSP5-8.5,5.168220043,1751.34137
United States,2039,SSP5-8.5,5.32654047,1763.666992
United States,2040,SSP5-8.5,5.563774586,1760.184814
United States,2041,SSP5-8.5,5.328075886,1754.554871
United States,2042,SSP5-8.5,5.555142879,1735.41864
United States,2043,SSP5-8.5,5.620366573,1755.181763
United States,2044,SSP5-8.5,5.702575207,1756.107605
United States,2045,SSP5-8.5,5.732615948,1767.7052
United States,2046,SSP5-8.5,5.757817745,1759.556519
United States,2047,SSP5-8.5,5.88877058,1755.246887
United States,2048,SSP5-8.5,6.036179066,1752.365295
United States,2049,SSP5-8.5,5.979933262,1760.214478
United States,2050,SSP5-8.5,6.14215517,1760.09967
United States,2051,SSP5-8.5,6.075514317,1748.723755
United States,2052,SSP5-8.5,6.10510397,1757.565491
United States,2053,SSP5-8.5,6.052027225,1764.360901
United States,2054,SSP5-8.5,6.290227413,1744.908752
United States,2055,SSP5-8.5,6.502323627,1752.428345
United States,2056,SSP5-8.5,6.46398592,1775.865051
United States,2057,SSP5-8.5,6.505554676,1771.446289
United States,2058,SSP5-8.5,6.53902483,1779.194641
United States,2059,SSP5-8.5,6.762933254,1780.723816
United States,2060,SSP5-8.5,6.709824085,1789.236938
United States,2061,SSP5-8.5,7.098225117,1776.375977
United States,2062,SSP5-8.5,6.876337528,1787.505615
United States,2063,SSP5-8.5,6.892716885,1770.2901
United States,2064,SSP5-8.5,6.885003567,1762.839417
United States,2065,SSP5-8.5,7.082249165,1781.43512
United States,2066,SSP5-8.5,7.145820141,1797.533997
United States,2067,SSP5-8.5,7.334917545,1779.635681
United States,2068,SSP5-8.5,7.273084164,1770.167419
United States,2069,SSP5-8.5,7.56437254,1793.976868
United States,2070,SSP5-8.5,7.709708691,1793.793335
United States,2071,SSP5-8.5,7.628965855,1778.974365
United States,2072,SSP5-8.5,7.62685442,1802.468323
United States,2073,SSP5-8.5,7.930897236,1810.776855
United States,2074,SSP5-8.5,7.964864254,1792.800842
United States,2075,SSP5-8.5,8.116466045,1805.513306
United States,2076,SSP5-8.5,7.991866589,1792.116394
United States,2077,SSP5-8.5,8.143836498,1775.62915
United States,2078,SSP5-8.5,8.066215038,1803.340515
United States,2079,SSP5-8.5,8.290846348,1796.206482
United States,2080,SSP5-8.5,8.484961987,1809.51532
United States,2081,SSP5-8.5,8.535489559,1810.906555
United States,2082,SSP5-8.5,8.646149158,1804.100159
United States,2083,SSP5-8.5,8.707783222,1786.053101
United States,2084,SSP5-8.5,8.692212582,1812.819885
United States,2085,SSP5-8.5,8.812610149,1818.887451
United States,2086,SSP5-8.5,8.980613232,1804.007507
United States,2087,SSP5-8.5,8.870310307,1825.57489
United States,2088,SSP5-8.5,9.1321702,1807.237915
United States,2089,SSP5-8.5,9.144837856,1814.406677
United States,2090,SSP5-8.5,9.319222927,1802.691772
United States,2091,SSP5-8.5,9.436005116,1815.538086
United States,2092,SSP5-8.5,9.392613888,1807.09552
United States,2093,SSP5-8.5,9.571063519,1802.727966
United States,2094,SSP5-8.5,9.692187786,1820.009277
United States,2095,SSP5-8.5,9.572948933,1825.261963
United States,2096,SSP5-8.5,9.556499004,1813.015564
United States,2097,SSP5-8.5,9.786536694,1830.057678
United States,2098,SSP5-8.5,9.721110821,1818.58313
United States,2099,SSP5-8.5,10.10066843,1817.640137
United States,2100,SSP5-8.5,10.09478712,1831.968628
