country,scenario,year,dlog,pct
China,SSP1-2.6,2050,0.4146756267826527,51.387959904353806
Greece,SSP1-2.6,2050,-0.193371458198614,-17.582422957533428
India,SSP1-2.6,2050,-0.050482839752829106,-4.922975601527135
Kuwait,SSP1-2.6,2050,-0.2563254389058436,-22.610992613261537
Nigeria,SSP1-2.6,2050,-0.20878257355846247,-18.84283263973784
United States,SSP1-2.6,2050,0.25292668727629447,28.77888620647351
China,SSP1-2.6,2070,0.5829880110939658,79.13831144058949
Greece,SSP1-2.6,2070,-0.2141379169709026,-19.276295434307343
India,SSP1-2.6,2070,-0.0486384664003021,-4.747456259445871
Kuwait,SSP1-2.6,2070,-0.3138047666146997,-26.93383362145163
Nigeria,SSP1-2.6,2070,-0.21770015004357893,-19.563340520172833
United States,SSP1-2.6,2070,0.4963812642763242,64.27657663367235
China,SSP1-2.6,2100,0.4740885947232667,60.65493125144803
Greece,SSP1-2.6,2100,-0.21144873806364073,-19.058922804725487
India,SSP1-2.6,2100,-0.06330526890420823,-6.134311281099436
Kuwait,SSP1-2.6,2100,-0.2771957770179567,-24.20938980117334
Nigeria,SSP1-2.6,2100,-0.2118467341077482,-19.091130623537623
United States,SSP1-2.6,2100,0.34981420713993405,41.88039204656475
China,SSP5-8.5,2050,0.6861144713852452,98.59839249089148
Greece,SSP5-8.5,2050,-0.12091822681350503,-11.389358362443513
India,SSP5-8.5,2050,-0.27235266088187066,-23.841436773551195
Kuwait,SSP5-8.5,2050,-0.30282155016592516,-26.126908898252122
Nigeria,SSP5-8.5,2050,-0.2598915701450162,-22.886480465199654
United States,SSP5-8.5,2050,0.49060834941763604,63.3309540689597
China,SSP5-8.5,2070,0.5539150379411405,74.00520697826659
Greece,SSP5-8.5,2070,0.012199660407838736,1.2274379806143543
India,SSP5-8.5,2070,-0.26312641087462957,-23.135527388256605
Kuwait,SSP5-8.5,2070,-0.2052398948994162,-18.554808988519156
Nigeria,SSP5-8.5,2070,-0.139783383912789,-13.0453427224141
United States,SSP5-8.5,2070,0.5044827216410828,65.61286193573828
China,SSP5-8.5,2100,0.4533264524468421,57.35377879374639
Greece,SSP5-8.5,2100,-0.23641487163487246,-21.054691570805883
India,SSP5-8.5,2100,-0.2630698204442993,-23.131177471593723
Kuwait,SSP5-8.5,2100,-1.39687685113722,-75.26316731172413
Nigeria,SSP5-8.5,2100,-0.4224612368933312,-34.456833959820564
United States,SSP5-8.5,2100,0.2675416103345306,30.674800292638803
