scenario,year,avg_pct,avg_dlog
SSP1-2.6,2021,0.9340684610572396,0.008794727940946323
SSP1-2.6,2022,1.3979172421435333,0.01253904190094811
SSP1-2.6,2023,0.27769844997952436,8.099099703903571e-4
SSP1-2.6,2024,-0.7450079951193973,-0.011794771794186617
SSP1-2.6,2025,-0.879844809779562,-0.014641674408819522
SSP1-2.6,2026,-1.5237960652413876,-0.01936511717728384
SSP1-2.6,2027,1.1890038835424073,0.008895559065744442
SSP1-2.6,2028,-1.7173515454880073,-0.025200427136141946
SSP1-2.6,2029,-0.3441028212289032,-0.01159888090803664
SSP1-2.6,2030,0.3905588692892854,-0.0038486922394297663
SSP1-2.6,2031,-0.6857455606645155,-0.014710349262126951
SSP1-2.6,2032,1.6438203471640138,0.009132754090751923
SSP1-2.6,2033,-0.3611523492338802,-0.014289273661580098
SSP1-2.6,2034,0.5820905324012503,-0.0045875741852205955
SSP1-2.6,2035,-0.4740463492379499,-0.021484760735523554
SSP1-2.6,2036,2.7592265596507097,0.010941961204122993
SSP1-2.6,2037,1.7508284421321705,-3.020883008980231e-4
SSP1-2.6,2038,2.3520443533677757,0.003272107872993124
SSP1-2.6,2039,3.6805678584289936,0.018263203155264987
SSP1-2.6,2040,0.8141574918234188,-0.012303368141904773
SSP1-2.6,2041,1.6068627092669125,-0.0038530710428076828
SSP1-2.6,2042,3.7984193670124586,0.009942319965774538
SSP1-2.6,2043,2.8653603449471334,-0.001284267741147332
SSP1-2.6,2044,3.4637859112580167,0.008260225194926788
SSP1-2.6,2045,2.441033152110609,-0.004293726997081013
SSP1-2.6,2046,7.289407142384754,0.020060772304806698
SSP1-2.6,2047,3.802380932151209,4.2558445628886515e-4
SSP1-2.6,2048,7.922166741331581,0.03351805380754132
SSP1-2.6,2049,7.073461619842321,0.019250993957510766
SSP1-2.6,2050,2.701270383127896,-0.006893332726133669
SSP1-2.6,2051,3.485554207328988,-0.0032214452509274675
SSP1-2.6,2052,4.776441712317261,0.00952412760019885
SSP1-2.6,2053,6.388939718579218,0.019164081994023877
SSP1-2.6,2054,5.487100613012804,0.01091110708606456
SSP1-2.6,2055,9.15827781115524,0.03529090908464905
SSP1-2.6,2056,7.106849902189387,0.021079419339058714
SSP1-2.6,2057,10.901801640082647,0.04538671896515215
SSP1-2.6,2058,6.597687014943812,0.016296367833833637
SSP1-2.6,2059,11.679829068998146,0.049577505267122055
SSP1-2.6,2060,9.87162510942141,0.037802542856734234
SSP1-2.6,2061,8.548305645607208,0.03248774539366015
SSP1-2.6,2062,9.629742650253533,0.038618013293717564
SSP1-2.6,2063,11.001563412217996,0.035152024260616775
SSP1-2.6,2064,9.830426223295204,0.03334680020531904
SSP1-2.6,2065,10.113197081892892,0.04532850928006192
SSP1-2.6,2066,8.819865351010499,0.022012672814527925
SSP1-2.6,2067,9.80926807342619,0.02980081147423963
SSP1-2.6,2068,9.063168025106659,0.027752687671071422
SSP1-2.6,2069,12.935959346061988,0.05124313416423292
SSP1-2.6,2070,12.148993706480693,0.04751466255680111
SSP1-2.6,2071,7.104509400041266,0.020565301627212765
SSP1-2.6,2072,8.203579114213333,0.027426321168422897
SSP1-2.6,2073,12.940289916945378,0.05326160932347053
SSP1-2.6,2074,9.475090840034277,0.030925369913094684
SSP1-2.6,2075,7.740111928092114,0.020332225971849343
SSP1-2.6,2076,6.901864433270921,0.0176217152220389
SSP1-2.6,2077,8.785651732324856,0.028799211055460433
SSP1-2.6,2078,10.372502615101157,0.03538015522156279
SSP1-2.6,2079,12.544741346816897,0.04999992506497875
SSP1-2.6,2080,8.084662011547367,0.02752106979967298
SSP1-2.6,2081,12.151720093088613,0.05012948801555635
SSP1-2.6,2082,8.77801201950229,0.023775178792513715
SSP1-2.6,2083,9.216171158416888,0.031338975741039325
SSP1-2.6,2084,4.442136957834774,1.0305541078089546e-4
SSP1-2.6,2085,7.61176876207112,0.01815575716235086
SSP1-2.6,2086,9.593786918319239,0.029274113779063814
SSP1-2.6,2087,4.858415809075025,1.1317334919000907e-4
SSP1-2.6,2088,8.520365013497134,0.030837686151160157
SSP1-2.6,2089,8.003148841462844,0.02769955710528698
SSP1-2.6,2090,6.416945857593231,0.017502418597200368
SSP1-2.6,2091,6.713285775266488,0.01428688224123967
SSP1-2.6,2092,11.96518164549008,0.05810459534951811
SSP1-2.6,2093,7.44690787961479,0.023553172183373126
SSP1-2.6,2094,8.69417989175918,0.02755562114771035
SSP1-2.6,2095,7.612607459653676,0.02906320380877011
SSP1-2.6,2096,9.86159903433681,0.05444286060652203
SSP1-2.6,2097,8.009269219484368,0.02766138912670112
SSP1-2.6,2098,3.825501451796516,-0.0031894761821380005
SSP1-2.6,2099,8.729361691651793,0.027702748781283325
SSP1-2.6,2100,5.673594797912816,0.01001771396160781
SSP5-8.5,2021,0.9340684610572396,0.008794727940946323
SSP5-8.5,2022,0.766073780215032,0.0062616827592030236
SSP5-8.5,2023,0.8604625091089241,0.006896899573480871
SSP5-8.5,2024,1.866042062680993,0.015538094367966583
SSP5-8.5,2025,2.3467960512381367,0.01942519497693363
SSP5-8.5,2026,-0.7565153793970749,-0.013575441375711782
SSP5-8.5,2027,0.3155212601406648,-0.0025832245582517177
SSP5-8.5,2028,0.7427544302017309,-7.915001035017355e-4
SSP5-8.5,2029,-1.8070332896097592,-0.029059734883794264
SSP5-8.5,2030,0.7007767657190982,-0.005891887861463632
SSP5-8.5,2031,1.5142767052140422,-0.0052269557972890275
SSP5-8.5,2032,0.883729122881978,-0.00774813456867452
SSP5-8.5,2033,2.7935126112515776,0.003989773839428688
SSP5-8.5,2034,4.387417949644653,0.019241238014789597
SSP5-8.5,2035,3.5361535773960746,0.003008153039354001
SSP5-8.5,2036,6.641092959579005,0.023525996445525905
SSP5-8.5,2037,9.374241837069917,0.044730653182523644
SSP5-8.5,2038,6.734928978889147,0.01743303894682063
SSP5-8.5,2039,8.221688822880813,0.027320862392329778
SSP5-8.5,2040,10.525724615714722,0.031598198125570694
SSP5-8.5,2041,10.518317278237033,0.040521267417296815
SSP5-8.5,2042,13.647558900779522,0.05433026469219289
SSP5-8.5,2043,16.343355444597922,0.06587953367840257
SSP5-8.5,2044,16.355926399962037,0.059518670933498385
SSP5-8.5,2045,15.88300314512782,0.055328471749897634
SSP5-8.5,2046,16.20306389452788,0.057928398884559376
SSP5-8.5,2047,15.84346145803422,0.055685748755818935
SSP5-8.5,2048,14.12152427047639,0.03919868555572913
SSP5-8.5,2049,15.360528375645501,0.05208992217347227
SSP5-8.5,2050,12.94752701006745,0.036789802132760695
SSP5-8.5,2051,13.130053089415284,0.03946137791173172
SSP5-8.5,2052,12.591450399374114,0.029595066319232977
SSP5-8.5,2053,12.337438633356957,0.02724138262735167
SSP5-8.5,2054,9.71884212871546,0.021387228113356693
SSP5-8.5,2055,8.013877551693499,0.009901716008027838
SSP5-8.5,2056,8.524795309424624,0.011310238571300169
SSP5-8.5,2057,7.789459050313823,0.014967289793089459
SSP5-8.5,2058,5.946442425089424,0.0027796643961499473
SSP5-8.5,2059,7.6235172626191705,0.02261167668542466
SSP5-8.5,2060,6.0545825867305325,0.007509354334815148
SSP5-8.5,2061,8.025198226712973,0.02140379047202855
SSP5-8.5,2062,7.4103136229157895,0.02075898151226747
SSP5-8.5,2063,8.582414159611554,0.03244082903299369
SSP5-8.5,2064,9.811604156700781,0.04456043131981335
SSP5-8.5,2065,10.084567340818136,0.044185214688024874
SSP5-8.5,2066,11.808906892576744,0.059418348618192465
SSP5-8.5,2067,12.761202770402777,0.06938145330300981
SSP5-8.5,2068,12.708540708137491,0.06652897679576483
SSP5-8.5,2069,13.433343550494683,0.06898613449846697
SSP5-8.5,2070,14.351637965904892,0.07707462171720454
SSP5-8.5,2071,14.156363495362154,0.07703998685243538
SSP5-8.5,2072,12.459370016833907,0.05755153812749774
SSP5-8.5,2073,16.491707215252553,0.0915435814666476
SSP5-8.5,2074,16.063993275860923,0.08267052702636951
SSP5-8.5,2075,17.142082245810403,0.08629060267488174
SSP5-8.5,2076,15.01477362217453,0.07131340495591822
SSP5-8.5,2077,17.600024731868764,0.08920007502474481
SSP5-8.5,2078,16.209367923260082,0.07717309018952409
SSP5-8.5,2079,17.898552654624808,0.07587634193208323
SSP5-8.5,2080,20.008287628281103,0.09684680328304685
SSP5-8.5,2081,20.509679644734945,0.09307575991731357
SSP5-8.5,2082,17.77057970909215,0.05525255040381643
SSP5-8.5,2083,18.428668529487766,0.06178572803541021
SSP5-8.5,2084,18.39378796527323,0.05864124764341772
SSP5-8.5,2085,15.922378848463875,0.02717807970606446
SSP5-8.5,2086,13.417693610121905,5.286129916882432e-4
SSP5-8.5,2087,12.66742571272309,-0.01540675024661794
SSP5-8.5,2088,10.092885454340088,-0.03335532706933841
SSP5-8.5,2089,10.84529188752735,-0.020963463438852793
SSP5-8.5,2090,6.1201653539821,-0.044467372434209174
SSP5-8.5,2091,1.7879355293201897,-0.11223072879469179
SSP5-8.5,2092,0.3766592867810517,-0.14298050262374626
SSP5-8.5,2093,-0.948724515863114,-0.1445431534735704
SSP5-8.5,2094,-4.091675342328035,-0.17154821235669906
SSP5-8.5,2095,-5.5068571457638456,-0.1882490325224907
SSP5-8.5,2096,-5.7273517025568115,-0.20298725832401215
SSP5-8.5,2097,-11.460145299220358,-0.2894003767650929
SSP5-8.5,2098,-9.376233446031668,-0.2422758389500485
SSP5-8.5,2099,-8.985298767400431,-0.22153185816722176
SSP5-8.5,2100,-10.979548537926517,-0.2663257862213917
