early_start,early_end,late_start,late_end,n_countries_both
2006,2015,2011,2020,209
2007,2016,2011,2020,209
2008,2017,2011,2020,209
2009,2018,2011,2020,209
2010,2019,2011,2020,209
2011,2020,2011,2020,209
2004,2013,2011,2020,207
2005,2014,2011,2020,207
2000,2009,2011,2020,206
2001,2010,2011,2020,206
2002,2011,2011,2020,206
2003,2012,2011,2020,206
1999,2008,2011,2020,205
1998,2007,2011,2020,203
1997,2006,2011,2020,202
1993,2002,2011,2020,201
1994,2003,2011,2020,201
1995,2004,2011,2020,201
1996,2005,2011,2020,201
1991,2000,2011,2020,197
1992,2001,2011,2020,197
1988,1997,2011,2020,195
1989,1998,2011,2020,195
1990,1999,2011,2020,195
1986,1995,2011,2020,193
1987,1996,2011,2020,193
1985,1994,2011,2020,192
1983,1992,2011,2020,191
1984,1993,2011,2020,191
1981,1990,2011,2020,190
1982,1991,2011,2020,190
1980,1989,2011,2020,172
1979,1988,2011,2020,171
1978,1987,2011,2020,170
1977,1986,2011,2020,167
1976,1985,2011,2020,165
1975,1984,2011,2020,164
1973,1982,2011,2020,161
1974,1983,2011,2020,161
1972,1981,2011,2020,159
1971,1980,2011,2020,157
1970,1979,2011,2020,148
1968,1977,2011,2020,147
1969,1978,2011,2020,147
1967,1976,2011,2020,142
1966,1975,2011,2020,141
1965,1974,2011,2020,139
1961,1970,2011,2020,138
1962,1971,2011,2020,138
1963,1972,2011,2020,138
1964,1973,2011,2020,138
